org.apache.commons.lang3.ArrayUtils#2954,1,0.3333
org.apache.commons.lang3.ArrayUtils#2956,1,0.3333
org.apache.commons.lang3.ArrayUtils#2959,1,0.3333
org.apache.commons.lang3.ArrayUtils#2960,1,0.3333
org.apache.commons.lang3.ArrayUtils#2962,1,0.3333
org.apache.commons.lang3.ArrayUtils#2964,1,0.3333
org.apache.commons.lang3.ArrayUtils#2961,1,0.3333
org.apache.commons.lang3.ArrayUtils#2549,2,0.0000
org.apache.commons.lang3.ArrayUtils#2567,2,0.0000
org.apache.commons.lang3.ArrayUtils#2548,2,0.0000
org.apache.commons.lang3.ArrayUtils#2546,2,0.0000
org.apache.commons.lang3.ArrayUtils#2552,2,0.0000
org.apache.commons.lang3.ArrayUtils#2545,2,0.0000
org.apache.commons.lang3.ArrayUtils#2565,2,0.0000
org.apache.commons.lang3.ArrayUtils#2566,2,0.0000
org.apache.commons.lang3.ArrayUtils#2550,2,0.0000
org.apache.commons.lang3.ArrayUtils#2568,2,0.0000
org.apache.commons.lang3.ArrayUtils#143,2,0.0000
org.apache.commons.lang3.ArrayUtils#2571,2,0.0000
org.apache.commons.lang3.ArrayUtils#2572,2,0.0000
org.apache.commons.lang3.ArrayUtils#2544,2,0.0000
org.apache.commons.lang3.ArrayUtils#2573,2,0.0000
org.apache.commons.lang3.ArrayUtils#2575,2,0.0000
org.apache.commons.lang3.ArrayUtils#2587,2,0.0000
org.apache.commons.lang3.ArrayUtils#2588,2,0.0000
org.apache.commons.lang3.ArrayUtils#2589,2,0.0000
org.apache.commons.lang3.ArrayUtils#2590,2,0.0000
org.apache.commons.lang3.ArrayUtils#2592,2,0.0000
org.apache.commons.lang3.ArrayUtils#2570,2,0.0000
org.apache.commons.lang3.ArrayUtils#2593,2,0.0000
org.apache.commons.lang3.ArrayUtils#2543,2,0.0000
org.apache.commons.lang3.ArrayUtils#2526,2,0.0000
org.apache.commons.lang3.ArrayUtils#2456,2,0.0000
org.apache.commons.lang3.ArrayUtils#2457,2,0.0000
org.apache.commons.lang3.ArrayUtils#2458,2,0.0000
org.apache.commons.lang3.ArrayUtils#2460,2,0.0000
org.apache.commons.lang3.ArrayUtils#2475,2,0.0000
org.apache.commons.lang3.ArrayUtils#2476,2,0.0000
org.apache.commons.lang3.ArrayUtils#2477,2,0.0000
org.apache.commons.lang3.ArrayUtils#2478,2,0.0000
org.apache.commons.lang3.ArrayUtils#2480,2,0.0000
org.apache.commons.lang3.ArrayUtils#2481,2,0.0000
org.apache.commons.lang3.ArrayUtils#2482,2,0.0000
org.apache.commons.lang3.ArrayUtils#2484,2,0.0000
org.apache.commons.lang3.ArrayUtils#2497,2,0.0000
org.apache.commons.lang3.ArrayUtils#2498,2,0.0000
org.apache.commons.lang3.ArrayUtils#2499,2,0.0000
org.apache.commons.lang3.ArrayUtils#2500,2,0.0000
org.apache.commons.lang3.ArrayUtils#2502,2,0.0000
org.apache.commons.lang3.ArrayUtils#2503,2,0.0000
org.apache.commons.lang3.ArrayUtils#2504,2,0.0000
org.apache.commons.lang3.ArrayUtils#2505,2,0.0000
org.apache.commons.lang3.ArrayUtils#2507,2,0.0000
org.apache.commons.lang3.ArrayUtils#2519,2,0.0000
org.apache.commons.lang3.ArrayUtils#2520,2,0.0000
org.apache.commons.lang3.ArrayUtils#2521,2,0.0000
org.apache.commons.lang3.ArrayUtils#2522,2,0.0000
org.apache.commons.lang3.ArrayUtils#2524,2,0.0000
org.apache.commons.lang3.ArrayUtils#2525,2,0.0000
org.apache.commons.lang3.ArrayUtils#2528,2,0.0000
org.apache.commons.lang3.ArrayUtils#2594,2,0.0000
org.apache.commons.lang3.ArrayUtils#2613,2,0.0000
org.apache.commons.lang3.ArrayUtils#2611,2,0.0000
org.apache.commons.lang3.ArrayUtils#2684,2,0.0000
org.apache.commons.lang3.ArrayUtils#2685,2,0.0000
org.apache.commons.lang3.ArrayUtils#2686,2,0.0000
org.apache.commons.lang3.ArrayUtils#2688,2,0.0000
org.apache.commons.lang3.ArrayUtils#2701,2,0.0000
org.apache.commons.lang3.ArrayUtils#2702,2,0.0000
org.apache.commons.lang3.ArrayUtils#2703,2,0.0000
org.apache.commons.lang3.ArrayUtils#2704,2,0.0000
org.apache.commons.lang3.ArrayUtils#2706,2,0.0000
org.apache.commons.lang3.ArrayUtils#2707,2,0.0000
org.apache.commons.lang3.ArrayUtils#2708,2,0.0000
org.apache.commons.lang3.ArrayUtils#2682,2,0.0000
org.apache.commons.lang3.ArrayUtils#2709,2,0.0000
org.apache.commons.lang3.ArrayUtils#2723,2,0.0000
org.apache.commons.lang3.ArrayUtils#2724,2,0.0000
org.apache.commons.lang3.ArrayUtils#2725,2,0.0000
org.apache.commons.lang3.ArrayUtils#2726,2,0.0000
org.apache.commons.lang3.ArrayUtils#2728,2,0.0000
org.apache.commons.lang3.ArrayUtils#2729,2,0.0000
org.apache.commons.lang3.ArrayUtils#2730,2,0.0000
org.apache.commons.lang3.ArrayUtils#2732,2,0.0000
org.apache.commons.lang3.ArrayUtils#2747,2,0.0000
org.apache.commons.lang3.ArrayUtils#2748,2,0.0000
org.apache.commons.lang3.ArrayUtils#2749,2,0.0000
org.apache.commons.lang3.ArrayUtils#2711,2,0.0000
org.apache.commons.lang3.ArrayUtils#2596,2,0.0000
org.apache.commons.lang3.ArrayUtils#2681,2,0.0000
org.apache.commons.lang3.ArrayUtils#2679,2,0.0000
org.apache.commons.lang3.ArrayUtils#2612,2,0.0000
org.apache.commons.lang3.ArrayUtils#2454,2,0.0000
org.apache.commons.lang3.ArrayUtils#2614,2,0.0000
org.apache.commons.lang3.ArrayUtils#2616,2,0.0000
org.apache.commons.lang3.ArrayUtils#2617,2,0.0000
org.apache.commons.lang3.ArrayUtils#2618,2,0.0000
org.apache.commons.lang3.ArrayUtils#2620,2,0.0000
org.apache.commons.lang3.ArrayUtils#2633,2,0.0000
org.apache.commons.lang3.ArrayUtils#2634,2,0.0000
org.apache.commons.lang3.ArrayUtils#2635,2,0.0000
org.apache.commons.lang3.ArrayUtils#2636,2,0.0000
org.apache.commons.lang3.ArrayUtils#2680,2,0.0000
org.apache.commons.lang3.ArrayUtils#2638,2,0.0000
org.apache.commons.lang3.ArrayUtils#2640,2,0.0000
org.apache.commons.lang3.ArrayUtils#2641,2,0.0000
org.apache.commons.lang3.ArrayUtils#2643,2,0.0000
org.apache.commons.lang3.ArrayUtils#2655,2,0.0000
org.apache.commons.lang3.ArrayUtils#2656,2,0.0000
org.apache.commons.lang3.ArrayUtils#2657,2,0.0000
org.apache.commons.lang3.ArrayUtils#2658,2,0.0000
org.apache.commons.lang3.ArrayUtils#2660,2,0.0000
org.apache.commons.lang3.ArrayUtils#2661,2,0.0000
org.apache.commons.lang3.ArrayUtils#2662,2,0.0000
org.apache.commons.lang3.ArrayUtils#2664,2,0.0000
org.apache.commons.lang3.ArrayUtils#2639,2,0.0000
org.apache.commons.lang3.ArrayUtils#2750,2,0.0000
org.apache.commons.lang3.ArrayUtils#2453,2,0.0000
org.apache.commons.lang3.ArrayUtils#2451,2,0.0000
org.apache.commons.lang3.ArrayUtils#2187,2,0.0000
org.apache.commons.lang3.ArrayUtils#2189,2,0.0000
org.apache.commons.lang3.ArrayUtils#2190,2,0.0000
org.apache.commons.lang3.ArrayUtils#2191,2,0.0000
org.apache.commons.lang3.ArrayUtils#2194,2,0.0000
org.apache.commons.lang3.ArrayUtils#2209,2,0.0000
org.apache.commons.lang3.ArrayUtils#2227,2,0.0000
org.apache.commons.lang3.ArrayUtils#2228,2,0.0000
org.apache.commons.lang3.ArrayUtils#2230,2,0.0000
org.apache.commons.lang3.ArrayUtils#2231,2,0.0000
org.apache.commons.lang3.ArrayUtils#2232,2,0.0000
org.apache.commons.lang3.ArrayUtils#2233,2,0.0000
org.apache.commons.lang3.ArrayUtils#2235,2,0.0000
org.apache.commons.lang3.ArrayUtils#2236,2,0.0000
org.apache.commons.lang3.ArrayUtils#2237,2,0.0000
org.apache.commons.lang3.ArrayUtils#2240,2,0.0000
org.apache.commons.lang3.ArrayUtils#2253,2,0.0000
org.apache.commons.lang3.ArrayUtils#2271,2,0.0000
org.apache.commons.lang3.ArrayUtils#2272,2,0.0000
org.apache.commons.lang3.ArrayUtils#2273,2,0.0000
org.apache.commons.lang3.ArrayUtils#2274,2,0.0000
org.apache.commons.lang3.ArrayUtils#2276,2,0.0000
org.apache.commons.lang3.ArrayUtils#2277,2,0.0000
org.apache.commons.lang3.ArrayUtils#2278,2,0.0000
org.apache.commons.lang3.ArrayUtils#2280,2,0.0000
org.apache.commons.lang3.ArrayUtils#2186,2,0.0000
org.apache.commons.lang3.ArrayUtils#2184,2,0.0000
org.apache.commons.lang3.ArrayUtils#2183,2,0.0000
org.apache.commons.lang3.ArrayUtils#2164,2,0.0000
org.apache.commons.lang3.ArrayUtils#2011,2,0.0000
org.apache.commons.lang3.ArrayUtils#2012,2,0.0000
org.apache.commons.lang3.ArrayUtils#2015,2,0.0000
org.apache.commons.lang3.ArrayUtils#2028,2,0.0000
org.apache.commons.lang3.ArrayUtils#2045,2,0.0000
org.apache.commons.lang3.ArrayUtils#2061,2,0.0000
org.apache.commons.lang3.ArrayUtils#2079,2,0.0000
org.apache.commons.lang3.ArrayUtils#2080,2,0.0000
org.apache.commons.lang3.ArrayUtils#2082,2,0.0000
org.apache.commons.lang3.ArrayUtils#2083,2,0.0000
org.apache.commons.lang3.ArrayUtils#2085,2,0.0000
org.apache.commons.lang3.ArrayUtils#2086,2,0.0000
org.apache.commons.lang3.ArrayUtils#2293,2,0.0000
org.apache.commons.lang3.ArrayUtils#2087,2,0.0000
org.apache.commons.lang3.ArrayUtils#2104,2,0.0000
org.apache.commons.lang3.ArrayUtils#2122,2,0.0000
org.apache.commons.lang3.ArrayUtils#2123,2,0.0000
org.apache.commons.lang3.ArrayUtils#2125,2,0.0000
org.apache.commons.lang3.ArrayUtils#2126,2,0.0000
org.apache.commons.lang3.ArrayUtils#2127,2,0.0000
org.apache.commons.lang3.ArrayUtils#2128,2,0.0000
org.apache.commons.lang3.ArrayUtils#2130,2,0.0000
org.apache.commons.lang3.ArrayUtils#2131,2,0.0000
org.apache.commons.lang3.ArrayUtils#2132,2,0.0000
org.apache.commons.lang3.ArrayUtils#2135,2,0.0000
org.apache.commons.lang3.ArrayUtils#2148,2,0.0000
org.apache.commons.lang3.ArrayUtils#2090,2,0.0000
org.apache.commons.lang3.ArrayUtils#2452,2,0.0000
org.apache.commons.lang3.ArrayUtils#2294,2,0.0000
org.apache.commons.lang3.ArrayUtils#2296,2,0.0000
org.apache.commons.lang3.ArrayUtils#2383,2,0.0000
org.apache.commons.lang3.ArrayUtils#2384,2,0.0000
org.apache.commons.lang3.ArrayUtils#2385,2,0.0000
org.apache.commons.lang3.ArrayUtils#2386,2,0.0000
org.apache.commons.lang3.ArrayUtils#2388,2,0.0000
org.apache.commons.lang3.ArrayUtils#2389,2,0.0000
org.apache.commons.lang3.ArrayUtils#2390,2,0.0000
org.apache.commons.lang3.ArrayUtils#2392,2,0.0000
org.apache.commons.lang3.ArrayUtils#2407,2,0.0000
org.apache.commons.lang3.ArrayUtils#2408,2,0.0000
org.apache.commons.lang3.ArrayUtils#2409,2,0.0000
org.apache.commons.lang3.ArrayUtils#2410,2,0.0000
org.apache.commons.lang3.ArrayUtils#2412,2,0.0000
org.apache.commons.lang3.ArrayUtils#2413,2,0.0000
org.apache.commons.lang3.ArrayUtils#2414,2,0.0000
org.apache.commons.lang3.ArrayUtils#2416,2,0.0000
org.apache.commons.lang3.ArrayUtils#2429,2,0.0000
org.apache.commons.lang3.ArrayUtils#2430,2,0.0000
org.apache.commons.lang3.ArrayUtils#2431,2,0.0000
org.apache.commons.lang3.ArrayUtils#2432,2,0.0000
org.apache.commons.lang3.ArrayUtils#2434,2,0.0000
org.apache.commons.lang3.ArrayUtils#2435,2,0.0000
org.apache.commons.lang3.ArrayUtils#2436,2,0.0000
org.apache.commons.lang3.ArrayUtils#2437,2,0.0000
org.apache.commons.lang3.ArrayUtils#2439,2,0.0000
org.apache.commons.lang3.ArrayUtils#2371,2,0.0000
org.apache.commons.lang3.ArrayUtils#2369,2,0.0000
org.apache.commons.lang3.ArrayUtils#2368,2,0.0000
org.apache.commons.lang3.ArrayUtils#2367,2,0.0000
org.apache.commons.lang3.ArrayUtils#2298,2,0.0000
org.apache.commons.lang3.ArrayUtils#2299,2,0.0000
org.apache.commons.lang3.ArrayUtils#2300,2,0.0000
org.apache.commons.lang3.ArrayUtils#2301,2,0.0000
org.apache.commons.lang3.ArrayUtils#2303,2,0.0000
org.apache.commons.lang3.ArrayUtils#2315,2,0.0000
org.apache.commons.lang3.ArrayUtils#2316,2,0.0000
org.apache.commons.lang3.ArrayUtils#2317,2,0.0000
org.apache.commons.lang3.ArrayUtils#2318,2,0.0000
org.apache.commons.lang3.ArrayUtils#2320,2,0.0000
org.apache.commons.lang3.ArrayUtils#2321,2,0.0000
org.apache.commons.lang3.ArrayUtils#2322,2,0.0000
org.apache.commons.lang3.ArrayUtils#2295,2,0.0000
org.apache.commons.lang3.ArrayUtils#2324,2,0.0000
org.apache.commons.lang3.ArrayUtils#2340,2,0.0000
org.apache.commons.lang3.ArrayUtils#2341,2,0.0000
org.apache.commons.lang3.ArrayUtils#2342,2,0.0000
org.apache.commons.lang3.ArrayUtils#2344,2,0.0000
org.apache.commons.lang3.ArrayUtils#2345,2,0.0000
org.apache.commons.lang3.ArrayUtils#2346,2,0.0000
org.apache.commons.lang3.ArrayUtils#2348,2,0.0000
org.apache.commons.lang3.ArrayUtils#2361,2,0.0000
org.apache.commons.lang3.ArrayUtils#2362,2,0.0000
org.apache.commons.lang3.ArrayUtils#2363,2,0.0000
org.apache.commons.lang3.ArrayUtils#2364,2,0.0000
org.apache.commons.lang3.ArrayUtils#2366,2,0.0000
org.apache.commons.lang3.ArrayUtils#2339,2,0.0000
org.apache.commons.lang3.ArrayUtils#2752,2,0.0000
org.apache.commons.lang3.ArrayUtils#2769,2,0.0000
org.apache.commons.lang3.ArrayUtils#2754,2,0.0000
org.apache.commons.lang3.ArrayUtils#3463,2,0.0000
org.apache.commons.lang3.ArrayUtils#3496,2,0.0000
org.apache.commons.lang3.ArrayUtils#3497,2,0.0000
org.apache.commons.lang3.ArrayUtils#3498,2,0.0000
org.apache.commons.lang3.ArrayUtils#3499,2,0.0000
org.apache.commons.lang3.ArrayUtils#3500,2,0.0000
org.apache.commons.lang3.ArrayUtils#3502,2,0.0000
org.apache.commons.lang3.ArrayUtils#3504,2,0.0000
org.apache.commons.lang3.ArrayUtils#3535,2,0.0000
org.apache.commons.lang3.ArrayUtils#3567,2,0.0000
org.apache.commons.lang3.ArrayUtils#3598,2,0.0000
org.apache.commons.lang3.ArrayUtils#3461,2,0.0000
org.apache.commons.lang3.ArrayUtils#3629,2,0.0000
org.apache.commons.lang3.ArrayUtils#3691,2,0.0000
org.apache.commons.lang3.ArrayUtils#3722,2,0.0000
org.apache.commons.lang3.ArrayUtils#3753,2,0.0000
org.apache.commons.lang3.ArrayUtils#3768,2,0.0000
org.apache.commons.lang3.ArrayUtils#3769,2,0.0000
org.apache.commons.lang3.ArrayUtils#3770,2,0.0000
org.apache.commons.lang3.ArrayUtils#3772,2,0.0000
org.apache.commons.lang3.ArrayUtils#3773,2,0.0000
org.apache.commons.lang3.ArrayUtils#3774,2,0.0000
org.apache.commons.lang3.ArrayUtils#3776,2,0.0000
org.apache.commons.lang3.ArrayUtils#3777,2,0.0000
org.apache.commons.lang3.ArrayUtils#3660,2,0.0000
org.apache.commons.lang3.ArrayUtils#3460,2,0.0000
org.apache.commons.lang3.ArrayUtils#3459,2,0.0000
org.apache.commons.lang3.ArrayUtils#3458,2,0.0000
org.apache.commons.lang3.ArrayUtils#3253,2,0.0000
org.apache.commons.lang3.ArrayUtils#3254,2,0.0000
org.apache.commons.lang3.ArrayUtils#3255,2,0.0000
org.apache.commons.lang3.ArrayUtils#3280,2,0.0000
org.apache.commons.lang3.ArrayUtils#3281,2,0.0000
org.apache.commons.lang3.ArrayUtils#3282,2,0.0000
org.apache.commons.lang3.ArrayUtils#3307,2,0.0000
org.apache.commons.lang3.ArrayUtils#3308,2,0.0000
org.apache.commons.lang3.ArrayUtils#3309,2,0.0000
org.apache.commons.lang3.ArrayUtils#3334,2,0.0000
org.apache.commons.lang3.ArrayUtils#3335,2,0.0000
org.apache.commons.lang3.ArrayUtils#3336,2,0.0000
org.apache.commons.lang3.ArrayUtils#3361,2,0.0000
org.apache.commons.lang3.ArrayUtils#3362,2,0.0000
org.apache.commons.lang3.ArrayUtils#3363,2,0.0000
org.apache.commons.lang3.ArrayUtils#3388,2,0.0000
org.apache.commons.lang3.ArrayUtils#3389,2,0.0000
org.apache.commons.lang3.ArrayUtils#3390,2,0.0000
org.apache.commons.lang3.ArrayUtils#3415,2,0.0000
org.apache.commons.lang3.ArrayUtils#3416,2,0.0000
org.apache.commons.lang3.ArrayUtils#3417,2,0.0000
org.apache.commons.lang3.ArrayUtils#3442,2,0.0000
org.apache.commons.lang3.ArrayUtils#3443,2,0.0000
org.apache.commons.lang3.ArrayUtils#3444,2,0.0000
org.apache.commons.lang3.ArrayUtils#3457,2,0.0000
org.apache.commons.lang3.ArrayUtils#3778,2,0.0000
org.apache.commons.lang3.ArrayUtils#3780,2,0.0000
org.apache.commons.lang3.ArrayUtils#3781,2,0.0000
org.apache.commons.lang3.ArrayUtils#3782,2,0.0000
org.apache.commons.lang3.ArrayUtils#4173,2,0.0000
org.apache.commons.lang3.ArrayUtils#4174,2,0.0000
org.apache.commons.lang3.ArrayUtils#4175,2,0.0000
org.apache.commons.lang3.ArrayUtils#4177,2,0.0000
org.apache.commons.lang3.ArrayUtils#4209,2,0.0000
org.apache.commons.lang3.ArrayUtils#4238,2,0.0000
org.apache.commons.lang3.ArrayUtils#4239,2,0.0000
org.apache.commons.lang3.ArrayUtils#4240,2,0.0000
org.apache.commons.lang3.ArrayUtils#4242,2,0.0000
org.apache.commons.lang3.ArrayUtils#4274,2,0.0000
org.apache.commons.lang3.ArrayUtils#4303,2,0.0000
org.apache.commons.lang3.ArrayUtils#4304,2,0.0000
org.apache.commons.lang3.ArrayUtils#4305,2,0.0000
org.apache.commons.lang3.ArrayUtils#4307,2,0.0000
org.apache.commons.lang3.ArrayUtils#4339,2,0.0000
org.apache.commons.lang3.ArrayUtils#4368,2,0.0000
org.apache.commons.lang3.ArrayUtils#4369,2,0.0000
org.apache.commons.lang3.ArrayUtils#4370,2,0.0000
org.apache.commons.lang3.ArrayUtils#4372,2,0.0000
org.apache.commons.lang3.ArrayUtils#4397,2,0.0000
org.apache.commons.lang3.ArrayUtils#4398,2,0.0000
org.apache.commons.lang3.ArrayUtils#4399,2,0.0000
org.apache.commons.lang3.ArrayUtils#4402,2,0.0000
org.apache.commons.lang3.ArrayUtils#4403,2,0.0000
org.apache.commons.lang3.ArrayUtils#4404,2,0.0000
org.apache.commons.lang3.ArrayUtils#4144,2,0.0000
org.apache.commons.lang3.ArrayUtils#3228,2,0.0000
org.apache.commons.lang3.ArrayUtils#4112,2,0.0000
org.apache.commons.lang3.ArrayUtils#4109,2,0.0000
org.apache.commons.lang3.ArrayUtils#3783,2,0.0000
org.apache.commons.lang3.ArrayUtils#3784,2,0.0000
org.apache.commons.lang3.ArrayUtils#3786,2,0.0000
org.apache.commons.lang3.ArrayUtils#3819,2,0.0000
org.apache.commons.lang3.ArrayUtils#3848,2,0.0000
org.apache.commons.lang3.ArrayUtils#3849,2,0.0000
org.apache.commons.lang3.ArrayUtils#3850,2,0.0000
org.apache.commons.lang3.ArrayUtils#3852,2,0.0000
org.apache.commons.lang3.ArrayUtils#3884,2,0.0000
org.apache.commons.lang3.ArrayUtils#3913,2,0.0000
org.apache.commons.lang3.ArrayUtils#3914,2,0.0000
org.apache.commons.lang3.ArrayUtils#3915,2,0.0000
org.apache.commons.lang3.ArrayUtils#3917,2,0.0000
org.apache.commons.lang3.ArrayUtils#3949,2,0.0000
org.apache.commons.lang3.ArrayUtils#3978,2,0.0000
org.apache.commons.lang3.ArrayUtils#3979,2,0.0000
org.apache.commons.lang3.ArrayUtils#3980,2,0.0000
org.apache.commons.lang3.ArrayUtils#3982,2,0.0000
org.apache.commons.lang3.ArrayUtils#4014,2,0.0000
org.apache.commons.lang3.ArrayUtils#4043,2,0.0000
org.apache.commons.lang3.ArrayUtils#4044,2,0.0000
org.apache.commons.lang3.ArrayUtils#4045,2,0.0000
org.apache.commons.lang3.ArrayUtils#4047,2,0.0000
org.apache.commons.lang3.ArrayUtils#4079,2,0.0000
org.apache.commons.lang3.ArrayUtils#4108,2,0.0000
org.apache.commons.lang3.ArrayUtils#4110,2,0.0000
org.apache.commons.lang3.ArrayUtils#2753,2,0.0000
org.apache.commons.lang3.ArrayUtils#3227,2,0.0000
org.apache.commons.lang3.ArrayUtils#3225,2,0.0000
org.apache.commons.lang3.ArrayUtils#2857,2,0.0000
org.apache.commons.lang3.ArrayUtils#2868,2,0.0000
org.apache.commons.lang3.ArrayUtils#2869,2,0.0000
org.apache.commons.lang3.ArrayUtils#2871,2,0.0000
org.apache.commons.lang3.ArrayUtils#2882,2,0.0000
org.apache.commons.lang3.ArrayUtils#2883,2,0.0000
org.apache.commons.lang3.ArrayUtils#2885,2,0.0000
org.apache.commons.lang3.ArrayUtils#2896,2,0.0000
org.apache.commons.lang3.ArrayUtils#2897,2,0.0000
org.apache.commons.lang3.ArrayUtils#2899,2,0.0000
org.apache.commons.lang3.ArrayUtils#2910,2,0.0000
org.apache.commons.lang3.ArrayUtils#2855,2,0.0000
org.apache.commons.lang3.ArrayUtils#2911,2,0.0000
org.apache.commons.lang3.ArrayUtils#2924,2,0.0000
org.apache.commons.lang3.ArrayUtils#2925,2,0.0000
org.apache.commons.lang3.ArrayUtils#2927,2,0.0000
org.apache.commons.lang3.ArrayUtils#2955,2,0.0000
org.apache.commons.lang3.ArrayUtils#2957,2,0.0000
org.apache.commons.lang3.ArrayUtils#2985,2,0.0000
org.apache.commons.lang3.ArrayUtils#2986,2,0.0000
org.apache.commons.lang3.ArrayUtils#2987,2,0.0000
org.apache.commons.lang3.ArrayUtils#2988,2,0.0000
org.apache.commons.lang3.ArrayUtils#2990,2,0.0000
org.apache.commons.lang3.ArrayUtils#2991,2,0.0000
org.apache.commons.lang3.ArrayUtils#2913,2,0.0000
org.apache.commons.lang3.ArrayUtils#2854,2,0.0000
org.apache.commons.lang3.ArrayUtils#2843,2,0.0000
org.apache.commons.lang3.ArrayUtils#2841,2,0.0000
org.apache.commons.lang3.ArrayUtils#2756,2,0.0000
org.apache.commons.lang3.ArrayUtils#2010,2,0.0000
org.apache.commons.lang3.ArrayUtils#2770,2,0.0000
org.apache.commons.lang3.ArrayUtils#2771,2,0.0000
org.apache.commons.lang3.ArrayUtils#2772,2,0.0000
org.apache.commons.lang3.ArrayUtils#2774,2,0.0000
org.apache.commons.lang3.ArrayUtils#2775,2,0.0000
org.apache.commons.lang3.ArrayUtils#2776,2,0.0000
org.apache.commons.lang3.ArrayUtils#2777,2,0.0000
org.apache.commons.lang3.ArrayUtils#2779,2,0.0000
org.apache.commons.lang3.ArrayUtils#2791,2,0.0000
org.apache.commons.lang3.ArrayUtils#2792,2,0.0000
org.apache.commons.lang3.ArrayUtils#2793,2,0.0000
org.apache.commons.lang3.ArrayUtils#2794,2,0.0000
org.apache.commons.lang3.ArrayUtils#2796,2,0.0000
org.apache.commons.lang3.ArrayUtils#2797,2,0.0000
org.apache.commons.lang3.ArrayUtils#2798,2,0.0000
org.apache.commons.lang3.ArrayUtils#2800,2,0.0000
org.apache.commons.lang3.ArrayUtils#2812,2,0.0000
org.apache.commons.lang3.ArrayUtils#2813,2,0.0000
org.apache.commons.lang3.ArrayUtils#2815,2,0.0000
org.apache.commons.lang3.ArrayUtils#2826,2,0.0000
org.apache.commons.lang3.ArrayUtils#2827,2,0.0000
org.apache.commons.lang3.ArrayUtils#2829,2,0.0000
org.apache.commons.lang3.ArrayUtils#2840,2,0.0000
org.apache.commons.lang3.ArrayUtils#2992,2,0.0000
org.apache.commons.lang3.ArrayUtils#2993,2,0.0000
org.apache.commons.lang3.ArrayUtils#3014,2,0.0000
org.apache.commons.lang3.ArrayUtils#3015,2,0.0000
org.apache.commons.lang3.ArrayUtils#3109,2,0.0000
org.apache.commons.lang3.ArrayUtils#3130,2,0.0000
org.apache.commons.lang3.ArrayUtils#3131,2,0.0000
org.apache.commons.lang3.ArrayUtils#3132,2,0.0000
org.apache.commons.lang3.ArrayUtils#3133,2,0.0000
org.apache.commons.lang3.ArrayUtils#3135,2,0.0000
org.apache.commons.lang3.ArrayUtils#3136,2,0.0000
org.apache.commons.lang3.ArrayUtils#3137,2,0.0000
org.apache.commons.lang3.ArrayUtils#3138,2,0.0000
org.apache.commons.lang3.ArrayUtils#3159,2,0.0000
org.apache.commons.lang3.ArrayUtils#3160,2,0.0000
org.apache.commons.lang3.ArrayUtils#3161,2,0.0000
org.apache.commons.lang3.ArrayUtils#3162,2,0.0000
org.apache.commons.lang3.ArrayUtils#3164,2,0.0000
org.apache.commons.lang3.ArrayUtils#3165,2,0.0000
org.apache.commons.lang3.ArrayUtils#3166,2,0.0000
org.apache.commons.lang3.ArrayUtils#3167,2,0.0000
org.apache.commons.lang3.ArrayUtils#3188,2,0.0000
org.apache.commons.lang3.ArrayUtils#3189,2,0.0000
org.apache.commons.lang3.ArrayUtils#3190,2,0.0000
org.apache.commons.lang3.ArrayUtils#3191,2,0.0000
org.apache.commons.lang3.ArrayUtils#3193,2,0.0000
org.apache.commons.lang3.ArrayUtils#3194,2,0.0000
org.apache.commons.lang3.ArrayUtils#3195,2,0.0000
org.apache.commons.lang3.ArrayUtils#3196,2,0.0000
org.apache.commons.lang3.ArrayUtils#3108,2,0.0000
org.apache.commons.lang3.ArrayUtils#3226,2,0.0000
org.apache.commons.lang3.ArrayUtils#3107,2,0.0000
org.apache.commons.lang3.ArrayUtils#3104,2,0.0000
org.apache.commons.lang3.ArrayUtils#3016,2,0.0000
org.apache.commons.lang3.ArrayUtils#3017,2,0.0000
org.apache.commons.lang3.ArrayUtils#3019,2,0.0000
org.apache.commons.lang3.ArrayUtils#3020,2,0.0000
org.apache.commons.lang3.ArrayUtils#3021,2,0.0000
org.apache.commons.lang3.ArrayUtils#3022,2,0.0000
org.apache.commons.lang3.ArrayUtils#3043,2,0.0000
org.apache.commons.lang3.ArrayUtils#3044,2,0.0000
org.apache.commons.lang3.ArrayUtils#3045,2,0.0000
org.apache.commons.lang3.ArrayUtils#3046,2,0.0000
org.apache.commons.lang3.ArrayUtils#3048,2,0.0000
org.apache.commons.lang3.ArrayUtils#3049,2,0.0000
org.apache.commons.lang3.ArrayUtils#3050,2,0.0000
org.apache.commons.lang3.ArrayUtils#3051,2,0.0000
org.apache.commons.lang3.ArrayUtils#3072,2,0.0000
org.apache.commons.lang3.ArrayUtils#3073,2,0.0000
org.apache.commons.lang3.ArrayUtils#3074,2,0.0000
org.apache.commons.lang3.ArrayUtils#3075,2,0.0000
org.apache.commons.lang3.ArrayUtils#3077,2,0.0000
org.apache.commons.lang3.ArrayUtils#3078,2,0.0000
org.apache.commons.lang3.ArrayUtils#3079,2,0.0000
org.apache.commons.lang3.ArrayUtils#3080,2,0.0000
org.apache.commons.lang3.ArrayUtils#3101,2,0.0000
org.apache.commons.lang3.ArrayUtils#3102,2,0.0000
org.apache.commons.lang3.ArrayUtils#3103,2,0.0000
org.apache.commons.lang3.ArrayUtils#3106,2,0.0000
org.apache.commons.lang3.ArrayUtils#2009,2,0.0000
org.apache.commons.lang3.ArrayUtils#2008,2,0.0000
org.apache.commons.lang3.ArrayUtils#2006,2,0.0000
org.apache.commons.lang3.ArrayUtils#742,2,0.0000
org.apache.commons.lang3.ArrayUtils#743,2,0.0000
org.apache.commons.lang3.ArrayUtils#745,2,0.0000
org.apache.commons.lang3.ArrayUtils#746,2,0.0000
org.apache.commons.lang3.ArrayUtils#748,2,0.0000
org.apache.commons.lang3.ArrayUtils#749,2,0.0000
org.apache.commons.lang3.ArrayUtils#751,2,0.0000
org.apache.commons.lang3.ArrayUtils#752,2,0.0000
org.apache.commons.lang3.ArrayUtils#753,2,0.0000
org.apache.commons.lang3.ArrayUtils#756,2,0.0000
org.apache.commons.lang3.ArrayUtils#757,2,0.0000
org.apache.commons.lang3.ArrayUtils#758,2,0.0000
org.apache.commons.lang3.ArrayUtils#775,2,0.0000
org.apache.commons.lang3.ArrayUtils#778,2,0.0000
org.apache.commons.lang3.ArrayUtils#780,2,0.0000
org.apache.commons.lang3.ArrayUtils#793,2,0.0000
org.apache.commons.lang3.ArrayUtils#796,2,0.0000
org.apache.commons.lang3.ArrayUtils#798,2,0.0000
org.apache.commons.lang3.ArrayUtils#811,2,0.0000
org.apache.commons.lang3.ArrayUtils#814,2,0.0000
org.apache.commons.lang3.ArrayUtils#816,2,0.0000
org.apache.commons.lang3.ArrayUtils#829,2,0.0000
org.apache.commons.lang3.ArrayUtils#832,2,0.0000
org.apache.commons.lang3.ArrayUtils#834,2,0.0000
org.apache.commons.lang3.ArrayUtils#847,2,0.0000
org.apache.commons.lang3.ArrayUtils#719,2,0.0000
org.apache.commons.lang3.ArrayUtils#850,2,0.0000
org.apache.commons.lang3.ArrayUtils#718,2,0.0000
org.apache.commons.lang3.ArrayUtils#714,2,0.0000
org.apache.commons.lang3.ArrayUtils#635,2,0.0000
org.apache.commons.lang3.ArrayUtils#636,2,0.0000
org.apache.commons.lang3.ArrayUtils#639,2,0.0000
org.apache.commons.lang3.ArrayUtils#640,2,0.0000
org.apache.commons.lang3.ArrayUtils#641,2,0.0000
org.apache.commons.lang3.ArrayUtils#664,2,0.0000
org.apache.commons.lang3.ArrayUtils#665,2,0.0000
org.apache.commons.lang3.ArrayUtils#667,2,0.0000
org.apache.commons.lang3.ArrayUtils#668,2,0.0000
org.apache.commons.lang3.ArrayUtils#670,2,0.0000
org.apache.commons.lang3.ArrayUtils#671,2,0.0000
org.apache.commons.lang3.ArrayUtils#673,2,0.0000
org.apache.commons.lang3.ArrayUtils#674,2,0.0000
org.apache.commons.lang3.ArrayUtils#675,2,0.0000
org.apache.commons.lang3.ArrayUtils#678,2,0.0000
org.apache.commons.lang3.ArrayUtils#679,2,0.0000
org.apache.commons.lang3.ArrayUtils#680,2,0.0000
org.apache.commons.lang3.ArrayUtils#703,2,0.0000
org.apache.commons.lang3.ArrayUtils#704,2,0.0000
org.apache.commons.lang3.ArrayUtils#706,2,0.0000
org.apache.commons.lang3.ArrayUtils#707,2,0.0000
org.apache.commons.lang3.ArrayUtils#709,2,0.0000
org.apache.commons.lang3.ArrayUtils#710,2,0.0000
org.apache.commons.lang3.ArrayUtils#712,2,0.0000
org.apache.commons.lang3.ArrayUtils#713,2,0.0000
org.apache.commons.lang3.ArrayUtils#717,2,0.0000
org.apache.commons.lang3.ArrayUtils#634,2,0.0000
org.apache.commons.lang3.ArrayUtils#852,2,0.0000
org.apache.commons.lang3.ArrayUtils#868,2,0.0000
org.apache.commons.lang3.ArrayUtils#1009,2,0.0000
org.apache.commons.lang3.ArrayUtils#1010,2,0.0000
org.apache.commons.lang3.ArrayUtils#1012,2,0.0000
org.apache.commons.lang3.ArrayUtils#1013,2,0.0000
org.apache.commons.lang3.ArrayUtils#1014,2,0.0000
org.apache.commons.lang3.ArrayUtils#1015,2,0.0000
org.apache.commons.lang3.ArrayUtils#1016,2,0.0000
org.apache.commons.lang3.ArrayUtils#1017,2,0.0000
org.apache.commons.lang3.ArrayUtils#1019,2,0.0000
org.apache.commons.lang3.ArrayUtils#1029,2,0.0000
org.apache.commons.lang3.ArrayUtils#1030,2,0.0000
org.apache.commons.lang3.ArrayUtils#1032,2,0.0000
org.apache.commons.lang3.ArrayUtils#1033,2,0.0000
org.apache.commons.lang3.ArrayUtils#1035,2,0.0000
org.apache.commons.lang3.ArrayUtils#1036,2,0.0000
org.apache.commons.lang3.ArrayUtils#1037,2,0.0000
org.apache.commons.lang3.ArrayUtils#1038,2,0.0000
org.apache.commons.lang3.ArrayUtils#1039,2,0.0000
org.apache.commons.lang3.ArrayUtils#1040,2,0.0000
org.apache.commons.lang3.ArrayUtils#1042,2,0.0000
org.apache.commons.lang3.ArrayUtils#1052,2,0.0000
org.apache.commons.lang3.ArrayUtils#1053,2,0.0000
org.apache.commons.lang3.ArrayUtils#1055,2,0.0000
org.apache.commons.lang3.ArrayUtils#1056,2,0.0000
org.apache.commons.lang3.ArrayUtils#1058,2,0.0000
org.apache.commons.lang3.ArrayUtils#1007,2,0.0000
org.apache.commons.lang3.ArrayUtils#865,2,0.0000
org.apache.commons.lang3.ArrayUtils#1006,2,0.0000
org.apache.commons.lang3.ArrayUtils#994,2,0.0000
org.apache.commons.lang3.ArrayUtils#870,2,0.0000
org.apache.commons.lang3.ArrayUtils#883,2,0.0000
org.apache.commons.lang3.ArrayUtils#886,2,0.0000
org.apache.commons.lang3.ArrayUtils#888,2,0.0000
org.apache.commons.lang3.ArrayUtils#901,2,0.0000
org.apache.commons.lang3.ArrayUtils#904,2,0.0000
org.apache.commons.lang3.ArrayUtils#906,2,0.0000
org.apache.commons.lang3.ArrayUtils#919,2,0.0000
org.apache.commons.lang3.ArrayUtils#922,2,0.0000
org.apache.commons.lang3.ArrayUtils#924,2,0.0000
org.apache.commons.lang3.ArrayUtils#949,2,0.0000
org.apache.commons.lang3.ArrayUtils#950,2,0.0000
org.apache.commons.lang3.ArrayUtils#952,2,0.0000
org.apache.commons.lang3.ArrayUtils#965,2,0.0000
org.apache.commons.lang3.ArrayUtils#966,2,0.0000
org.apache.commons.lang3.ArrayUtils#968,2,0.0000
org.apache.commons.lang3.ArrayUtils#983,2,0.0000
org.apache.commons.lang3.ArrayUtils#984,2,0.0000
org.apache.commons.lang3.ArrayUtils#986,2,0.0000
org.apache.commons.lang3.ArrayUtils#987,2,0.0000
org.apache.commons.lang3.ArrayUtils#989,2,0.0000
org.apache.commons.lang3.ArrayUtils#990,2,0.0000
org.apache.commons.lang3.ArrayUtils#991,2,0.0000
org.apache.commons.lang3.ArrayUtils#992,2,0.0000
org.apache.commons.lang3.ArrayUtils#993,2,0.0000
org.apache.commons.lang3.ArrayUtils#996,2,0.0000
org.apache.commons.lang3.ArrayUtils#632,2,0.0000
org.apache.commons.lang3.ArrayUtils#631,2,0.0000
org.apache.commons.lang3.ArrayUtils#629,2,0.0000
org.apache.commons.lang3.ArrayUtils#298,2,0.0000
org.apache.commons.lang3.ArrayUtils#300,2,0.0000
org.apache.commons.lang3.ArrayUtils#313,2,0.0000
org.apache.commons.lang3.ArrayUtils#314,2,0.0000
org.apache.commons.lang3.ArrayUtils#316,2,0.0000
org.apache.commons.lang3.ArrayUtils#329,2,0.0000
org.apache.commons.lang3.ArrayUtils#330,2,0.0000
org.apache.commons.lang3.ArrayUtils#332,2,0.0000
org.apache.commons.lang3.ArrayUtils#345,2,0.0000
org.apache.commons.lang3.ArrayUtils#346,2,0.0000
org.apache.commons.lang3.ArrayUtils#348,2,0.0000
org.apache.commons.lang3.ArrayUtils#361,2,0.0000
org.apache.commons.lang3.ArrayUtils#362,2,0.0000
org.apache.commons.lang3.ArrayUtils#364,2,0.0000
org.apache.commons.lang3.ArrayUtils#377,2,0.0000
org.apache.commons.lang3.ArrayUtils#378,2,0.0000
org.apache.commons.lang3.ArrayUtils#380,2,0.0000
org.apache.commons.lang3.ArrayUtils#393,2,0.0000
org.apache.commons.lang3.ArrayUtils#394,2,0.0000
org.apache.commons.lang3.ArrayUtils#396,2,0.0000
org.apache.commons.lang3.ArrayUtils#430,2,0.0000
org.apache.commons.lang3.ArrayUtils#431,2,0.0000
org.apache.commons.lang3.ArrayUtils#433,2,0.0000
org.apache.commons.lang3.ArrayUtils#434,2,0.0000
org.apache.commons.lang3.ArrayUtils#436,2,0.0000
org.apache.commons.lang3.ArrayUtils#297,2,0.0000
org.apache.commons.lang3.ArrayUtils#437,2,0.0000
org.apache.commons.lang3.ArrayUtils#284,2,0.0000
org.apache.commons.lang3.ArrayUtils#281,2,0.0000
org.apache.commons.lang3.ArrayUtils#144,2,0.0000
org.apache.commons.lang3.ArrayUtils#160,2,0.0000
org.apache.commons.lang3.ArrayUtils#176,2,0.0000
org.apache.commons.lang3.ArrayUtils#177,2,0.0000
org.apache.commons.lang3.ArrayUtils#179,2,0.0000
org.apache.commons.lang3.ArrayUtils#193,2,0.0000
org.apache.commons.lang3.ArrayUtils#224,2,0.0000
org.apache.commons.lang3.ArrayUtils#225,2,0.0000
org.apache.commons.lang3.ArrayUtils#227,2,0.0000
org.apache.commons.lang3.ArrayUtils#228,2,0.0000
org.apache.commons.lang3.ArrayUtils#229,2,0.0000
org.apache.commons.lang3.ArrayUtils#230,2,0.0000
org.apache.commons.lang3.ArrayUtils#231,2,0.0000
org.apache.commons.lang3.ArrayUtils#232,2,0.0000
org.apache.commons.lang3.ArrayUtils#233,2,0.0000
org.apache.commons.lang3.ArrayUtils#234,2,0.0000
org.apache.commons.lang3.ArrayUtils#235,2,0.0000
org.apache.commons.lang3.ArrayUtils#236,2,0.0000
org.apache.commons.lang3.ArrayUtils#240,2,0.0000
org.apache.commons.lang3.ArrayUtils#241,2,0.0000
org.apache.commons.lang3.ArrayUtils#242,2,0.0000
org.apache.commons.lang3.ArrayUtils#247,2,0.0000
org.apache.commons.lang3.ArrayUtils#265,2,0.0000
org.apache.commons.lang3.ArrayUtils#266,2,0.0000
org.apache.commons.lang3.ArrayUtils#268,2,0.0000
org.apache.commons.lang3.ArrayUtils#282,2,0.0000
org.apache.commons.lang3.ArrayUtils#439,2,0.0000
org.apache.commons.lang3.ArrayUtils#440,2,0.0000
org.apache.commons.lang3.ArrayUtils#441,2,0.0000
org.apache.commons.lang3.ArrayUtils#550,2,0.0000
org.apache.commons.lang3.ArrayUtils#551,2,0.0000
org.apache.commons.lang3.ArrayUtils#553,2,0.0000
org.apache.commons.lang3.ArrayUtils#554,2,0.0000
org.apache.commons.lang3.ArrayUtils#556,2,0.0000
org.apache.commons.lang3.ArrayUtils#557,2,0.0000
org.apache.commons.lang3.ArrayUtils#558,2,0.0000
org.apache.commons.lang3.ArrayUtils#561,2,0.0000
org.apache.commons.lang3.ArrayUtils#562,2,0.0000
org.apache.commons.lang3.ArrayUtils#563,2,0.0000
org.apache.commons.lang3.ArrayUtils#586,2,0.0000
org.apache.commons.lang3.ArrayUtils#587,2,0.0000
org.apache.commons.lang3.ArrayUtils#589,2,0.0000
org.apache.commons.lang3.ArrayUtils#590,2,0.0000
org.apache.commons.lang3.ArrayUtils#592,2,0.0000
org.apache.commons.lang3.ArrayUtils#593,2,0.0000
org.apache.commons.lang3.ArrayUtils#595,2,0.0000
org.apache.commons.lang3.ArrayUtils#596,2,0.0000
org.apache.commons.lang3.ArrayUtils#597,2,0.0000
org.apache.commons.lang3.ArrayUtils#600,2,0.0000
org.apache.commons.lang3.ArrayUtils#601,2,0.0000
org.apache.commons.lang3.ArrayUtils#602,2,0.0000
org.apache.commons.lang3.ArrayUtils#625,2,0.0000
org.apache.commons.lang3.ArrayUtils#626,2,0.0000
org.apache.commons.lang3.ArrayUtils#628,2,0.0000
org.apache.commons.lang3.ArrayUtils#548,2,0.0000
org.apache.commons.lang3.ArrayUtils#547,2,0.0000
org.apache.commons.lang3.ArrayUtils#524,2,0.0000
org.apache.commons.lang3.ArrayUtils#523,2,0.0000
org.apache.commons.lang3.ArrayUtils#442,2,0.0000
org.apache.commons.lang3.ArrayUtils#444,2,0.0000
org.apache.commons.lang3.ArrayUtils#445,2,0.0000
org.apache.commons.lang3.ArrayUtils#446,2,0.0000
org.apache.commons.lang3.ArrayUtils#469,2,0.0000
org.apache.commons.lang3.ArrayUtils#470,2,0.0000
org.apache.commons.lang3.ArrayUtils#472,2,0.0000
org.apache.commons.lang3.ArrayUtils#473,2,0.0000
org.apache.commons.lang3.ArrayUtils#475,2,0.0000
org.apache.commons.lang3.ArrayUtils#476,2,0.0000
org.apache.commons.lang3.ArrayUtils#478,2,0.0000
org.apache.commons.lang3.ArrayUtils#479,2,0.0000
org.apache.commons.lang3.ArrayUtils#1059,2,0.0000
org.apache.commons.lang3.ArrayUtils#480,2,0.0000
org.apache.commons.lang3.ArrayUtils#484,2,0.0000
org.apache.commons.lang3.ArrayUtils#485,2,0.0000
org.apache.commons.lang3.ArrayUtils#508,2,0.0000
org.apache.commons.lang3.ArrayUtils#509,2,0.0000
org.apache.commons.lang3.ArrayUtils#511,2,0.0000
org.apache.commons.lang3.ArrayUtils#512,2,0.0000
org.apache.commons.lang3.ArrayUtils#514,2,0.0000
org.apache.commons.lang3.ArrayUtils#515,2,0.0000
org.apache.commons.lang3.ArrayUtils#517,2,0.0000
org.apache.commons.lang3.ArrayUtils#518,2,0.0000
org.apache.commons.lang3.ArrayUtils#519,2,0.0000
org.apache.commons.lang3.ArrayUtils#522,2,0.0000
org.apache.commons.lang3.ArrayUtils#483,2,0.0000
org.apache.commons.lang3.ArrayUtils#1060,2,0.0000
org.apache.commons.lang3.ArrayUtils#1061,2,0.0000
org.apache.commons.lang3.ArrayUtils#1062,2,0.0000
org.apache.commons.lang3.ArrayUtils#1592,2,0.0000
org.apache.commons.lang3.ArrayUtils#1593,2,0.0000
org.apache.commons.lang3.ArrayUtils#1594,2,0.0000
org.apache.commons.lang3.ArrayUtils#1597,2,0.0000
org.apache.commons.lang3.ArrayUtils#1610,2,0.0000
org.apache.commons.lang3.ArrayUtils#1627,2,0.0000
org.apache.commons.lang3.ArrayUtils#1646,2,0.0000
org.apache.commons.lang3.ArrayUtils#1647,2,0.0000
org.apache.commons.lang3.ArrayUtils#1649,2,0.0000
org.apache.commons.lang3.ArrayUtils#1650,2,0.0000
org.apache.commons.lang3.ArrayUtils#1652,2,0.0000
org.apache.commons.lang3.ArrayUtils#1653,2,0.0000
org.apache.commons.lang3.ArrayUtils#1654,2,0.0000
org.apache.commons.lang3.ArrayUtils#1657,2,0.0000
org.apache.commons.lang3.ArrayUtils#1672,2,0.0000
org.apache.commons.lang3.ArrayUtils#1691,2,0.0000
org.apache.commons.lang3.ArrayUtils#1692,2,0.0000
org.apache.commons.lang3.ArrayUtils#1694,2,0.0000
org.apache.commons.lang3.ArrayUtils#1695,2,0.0000
org.apache.commons.lang3.ArrayUtils#1696,2,0.0000
org.apache.commons.lang3.ArrayUtils#1697,2,0.0000
org.apache.commons.lang3.ArrayUtils#1699,2,0.0000
org.apache.commons.lang3.ArrayUtils#1700,2,0.0000
org.apache.commons.lang3.ArrayUtils#1701,2,0.0000
org.apache.commons.lang3.ArrayUtils#1704,2,0.0000
org.apache.commons.lang3.ArrayUtils#1590,2,0.0000
org.apache.commons.lang3.ArrayUtils#1718,2,0.0000
org.apache.commons.lang3.ArrayUtils#1589,2,0.0000
org.apache.commons.lang3.ArrayUtils#1587,2,0.0000
org.apache.commons.lang3.ArrayUtils#1449,2,0.0000
org.apache.commons.lang3.ArrayUtils#1463,2,0.0000
org.apache.commons.lang3.ArrayUtils#1481,2,0.0000
org.apache.commons.lang3.ArrayUtils#1482,2,0.0000
org.apache.commons.lang3.ArrayUtils#1484,2,0.0000
org.apache.commons.lang3.ArrayUtils#1485,2,0.0000
org.apache.commons.lang3.ArrayUtils#1486,2,0.0000
org.apache.commons.lang3.ArrayUtils#1487,2,0.0000
org.apache.commons.lang3.ArrayUtils#1489,2,0.0000
org.apache.commons.lang3.ArrayUtils#1490,2,0.0000
org.apache.commons.lang3.ArrayUtils#1491,2,0.0000
org.apache.commons.lang3.ArrayUtils#1494,2,0.0000
org.apache.commons.lang3.ArrayUtils#1507,2,0.0000
org.apache.commons.lang3.ArrayUtils#1523,2,0.0000
org.apache.commons.lang3.ArrayUtils#1541,2,0.0000
org.apache.commons.lang3.ArrayUtils#1542,2,0.0000
org.apache.commons.lang3.ArrayUtils#1544,2,0.0000
org.apache.commons.lang3.ArrayUtils#1545,2,0.0000
org.apache.commons.lang3.ArrayUtils#1547,2,0.0000
org.apache.commons.lang3.ArrayUtils#1548,2,0.0000
org.apache.commons.lang3.ArrayUtils#1549,2,0.0000
org.apache.commons.lang3.ArrayUtils#1552,2,0.0000
org.apache.commons.lang3.ArrayUtils#1566,2,0.0000
org.apache.commons.lang3.ArrayUtils#1584,2,0.0000
org.apache.commons.lang3.ArrayUtils#1585,2,0.0000
org.apache.commons.lang3.ArrayUtils#1588,2,0.0000
org.apache.commons.lang3.ArrayUtils#1734,2,0.0000
org.apache.commons.lang3.ArrayUtils#1752,2,0.0000
org.apache.commons.lang3.ArrayUtils#1753,2,0.0000
org.apache.commons.lang3.ArrayUtils#1907,2,0.0000
org.apache.commons.lang3.ArrayUtils#1908,2,0.0000
org.apache.commons.lang3.ArrayUtils#1910,2,0.0000
org.apache.commons.lang3.ArrayUtils#1911,2,0.0000
org.apache.commons.lang3.ArrayUtils#1912,2,0.0000
org.apache.commons.lang3.ArrayUtils#1913,2,0.0000
org.apache.commons.lang3.ArrayUtils#1914,2,0.0000
org.apache.commons.lang3.ArrayUtils#1917,2,0.0000
org.apache.commons.lang3.ArrayUtils#1931,2,0.0000
org.apache.commons.lang3.ArrayUtils#1948,2,0.0000
org.apache.commons.lang3.ArrayUtils#1966,2,0.0000
org.apache.commons.lang3.ArrayUtils#1967,2,0.0000
org.apache.commons.lang3.ArrayUtils#1969,2,0.0000
org.apache.commons.lang3.ArrayUtils#1970,2,0.0000
org.apache.commons.lang3.ArrayUtils#1971,2,0.0000
org.apache.commons.lang3.ArrayUtils#1972,2,0.0000
org.apache.commons.lang3.ArrayUtils#1974,2,0.0000
org.apache.commons.lang3.ArrayUtils#1975,2,0.0000
org.apache.commons.lang3.ArrayUtils#1976,2,0.0000
org.apache.commons.lang3.ArrayUtils#1979,2,0.0000
org.apache.commons.lang3.ArrayUtils#2000,2,0.0000
org.apache.commons.lang3.ArrayUtils#2001,2,0.0000
org.apache.commons.lang3.ArrayUtils#2003,2,0.0000
org.apache.commons.lang3.ArrayUtils#2004,2,0.0000
org.apache.commons.lang3.ArrayUtils#2005,2,0.0000
org.apache.commons.lang3.ArrayUtils#1905,2,0.0000
org.apache.commons.lang3.ArrayUtils#1904,2,0.0000
org.apache.commons.lang3.ArrayUtils#1883,2,0.0000
org.apache.commons.lang3.ArrayUtils#1880,2,0.0000
org.apache.commons.lang3.ArrayUtils#1755,2,0.0000
org.apache.commons.lang3.ArrayUtils#1756,2,0.0000
org.apache.commons.lang3.ArrayUtils#1758,2,0.0000
org.apache.commons.lang3.ArrayUtils#1759,2,0.0000
org.apache.commons.lang3.ArrayUtils#1760,2,0.0000
org.apache.commons.lang3.ArrayUtils#1763,2,0.0000
org.apache.commons.lang3.ArrayUtils#1777,2,0.0000
org.apache.commons.lang3.ArrayUtils#1795,2,0.0000
org.apache.commons.lang3.ArrayUtils#1796,2,0.0000
org.apache.commons.lang3.ArrayUtils#1798,2,0.0000
org.apache.commons.lang3.ArrayUtils#1799,2,0.0000
org.apache.commons.lang3.ArrayUtils#1800,2,0.0000
org.apache.commons.lang3.ArrayUtils#1446,2,0.0000
org.apache.commons.lang3.ArrayUtils#1801,2,0.0000
org.apache.commons.lang3.ArrayUtils#1804,2,0.0000
org.apache.commons.lang3.ArrayUtils#1805,2,0.0000
org.apache.commons.lang3.ArrayUtils#1808,2,0.0000
org.apache.commons.lang3.ArrayUtils#1821,2,0.0000
org.apache.commons.lang3.ArrayUtils#1837,2,0.0000
org.apache.commons.lang3.ArrayUtils#1854,2,0.0000
org.apache.commons.lang3.ArrayUtils#1872,2,0.0000
org.apache.commons.lang3.ArrayUtils#1873,2,0.0000
org.apache.commons.lang3.ArrayUtils#1875,2,0.0000
org.apache.commons.lang3.ArrayUtils#1876,2,0.0000
org.apache.commons.lang3.ArrayUtils#1878,2,0.0000
org.apache.commons.lang3.ArrayUtils#1879,2,0.0000
org.apache.commons.lang3.ArrayUtils#1803,2,0.0000
org.apache.commons.lang3.ArrayUtils#4405,2,0.0000
org.apache.commons.lang3.ArrayUtils#1445,2,0.0000
org.apache.commons.lang3.ArrayUtils#1442,2,0.0000
org.apache.commons.lang3.ArrayUtils#1128,2,0.0000
org.apache.commons.lang3.ArrayUtils#1129,2,0.0000
org.apache.commons.lang3.ArrayUtils#1130,2,0.0000
org.apache.commons.lang3.ArrayUtils#1131,2,0.0000
org.apache.commons.lang3.ArrayUtils#1132,2,0.0000
org.apache.commons.lang3.ArrayUtils#1134,2,0.0000
org.apache.commons.lang3.ArrayUtils#1144,2,0.0000
org.apache.commons.lang3.ArrayUtils#1145,2,0.0000
org.apache.commons.lang3.ArrayUtils#1147,2,0.0000
org.apache.commons.lang3.ArrayUtils#1148,2,0.0000
org.apache.commons.lang3.ArrayUtils#1150,2,0.0000
org.apache.commons.lang3.ArrayUtils#1151,2,0.0000
org.apache.commons.lang3.ArrayUtils#1152,2,0.0000
org.apache.commons.lang3.ArrayUtils#1153,2,0.0000
org.apache.commons.lang3.ArrayUtils#1154,2,0.0000
org.apache.commons.lang3.ArrayUtils#1155,2,0.0000
org.apache.commons.lang3.ArrayUtils#1157,2,0.0000
org.apache.commons.lang3.ArrayUtils#1167,2,0.0000
org.apache.commons.lang3.ArrayUtils#1168,2,0.0000
org.apache.commons.lang3.ArrayUtils#1170,2,0.0000
org.apache.commons.lang3.ArrayUtils#1171,2,0.0000
org.apache.commons.lang3.ArrayUtils#1173,2,0.0000
org.apache.commons.lang3.ArrayUtils#1174,2,0.0000
org.apache.commons.lang3.ArrayUtils#1175,2,0.0000
org.apache.commons.lang3.ArrayUtils#1176,2,0.0000
org.apache.commons.lang3.ArrayUtils#1127,2,0.0000
org.apache.commons.lang3.ArrayUtils#1177,2,0.0000
org.apache.commons.lang3.ArrayUtils#1125,2,0.0000
org.apache.commons.lang3.ArrayUtils#1122,2,0.0000
org.apache.commons.lang3.ArrayUtils#1063,2,0.0000
org.apache.commons.lang3.ArrayUtils#1065,2,0.0000
org.apache.commons.lang3.ArrayUtils#1075,2,0.0000
org.apache.commons.lang3.ArrayUtils#1076,2,0.0000
org.apache.commons.lang3.ArrayUtils#1078,2,0.0000
org.apache.commons.lang3.ArrayUtils#1079,2,0.0000
org.apache.commons.lang3.ArrayUtils#1081,2,0.0000
org.apache.commons.lang3.ArrayUtils#1082,2,0.0000
org.apache.commons.lang3.ArrayUtils#1083,2,0.0000
org.apache.commons.lang3.ArrayUtils#1084,2,0.0000
org.apache.commons.lang3.ArrayUtils#1085,2,0.0000
org.apache.commons.lang3.ArrayUtils#1086,2,0.0000
org.apache.commons.lang3.ArrayUtils#1088,2,0.0000
org.apache.commons.lang3.ArrayUtils#1098,2,0.0000
org.apache.commons.lang3.ArrayUtils#1099,2,0.0000
org.apache.commons.lang3.ArrayUtils#1101,2,0.0000
org.apache.commons.lang3.ArrayUtils#1102,2,0.0000
org.apache.commons.lang3.ArrayUtils#1104,2,0.0000
org.apache.commons.lang3.ArrayUtils#1105,2,0.0000
org.apache.commons.lang3.ArrayUtils#1106,2,0.0000
org.apache.commons.lang3.ArrayUtils#1107,2,0.0000
org.apache.commons.lang3.ArrayUtils#1108,2,0.0000
org.apache.commons.lang3.ArrayUtils#1109,2,0.0000
org.apache.commons.lang3.ArrayUtils#1111,2,0.0000
org.apache.commons.lang3.ArrayUtils#1121,2,0.0000
org.apache.commons.lang3.ArrayUtils#1124,2,0.0000
org.apache.commons.lang3.ArrayUtils#1178,2,0.0000
org.apache.commons.lang3.ArrayUtils#1180,2,0.0000
org.apache.commons.lang3.ArrayUtils#1198,2,0.0000
org.apache.commons.lang3.ArrayUtils#1317,2,0.0000
org.apache.commons.lang3.ArrayUtils#1335,2,0.0000
org.apache.commons.lang3.ArrayUtils#1336,2,0.0000
org.apache.commons.lang3.ArrayUtils#1338,2,0.0000
org.apache.commons.lang3.ArrayUtils#1339,2,0.0000
org.apache.commons.lang3.ArrayUtils#1341,2,0.0000
org.apache.commons.lang3.ArrayUtils#1342,2,0.0000
org.apache.commons.lang3.ArrayUtils#1343,2,0.0000
org.apache.commons.lang3.ArrayUtils#1346,2,0.0000
org.apache.commons.lang3.ArrayUtils#1360,2,0.0000
org.apache.commons.lang3.ArrayUtils#1378,2,0.0000
org.apache.commons.lang3.ArrayUtils#1379,2,0.0000
org.apache.commons.lang3.ArrayUtils#1381,2,0.0000
org.apache.commons.lang3.ArrayUtils#1382,2,0.0000
org.apache.commons.lang3.ArrayUtils#1383,2,0.0000
org.apache.commons.lang3.ArrayUtils#1384,2,0.0000
org.apache.commons.lang3.ArrayUtils#1386,2,0.0000
org.apache.commons.lang3.ArrayUtils#1387,2,0.0000
org.apache.commons.lang3.ArrayUtils#1388,2,0.0000
org.apache.commons.lang3.ArrayUtils#1391,2,0.0000
org.apache.commons.lang3.ArrayUtils#1404,2,0.0000
org.apache.commons.lang3.ArrayUtils#1420,2,0.0000
org.apache.commons.lang3.ArrayUtils#1438,2,0.0000
org.apache.commons.lang3.ArrayUtils#1439,2,0.0000
org.apache.commons.lang3.ArrayUtils#1441,2,0.0000
org.apache.commons.lang3.ArrayUtils#1301,2,0.0000
org.apache.commons.lang3.ArrayUtils#1288,2,0.0000
org.apache.commons.lang3.ArrayUtils#1284,2,0.0000
org.apache.commons.lang3.ArrayUtils#1283,2,0.0000
org.apache.commons.lang3.ArrayUtils#1216,2,0.0000
org.apache.commons.lang3.ArrayUtils#1217,2,0.0000
org.apache.commons.lang3.ArrayUtils#1219,2,0.0000
org.apache.commons.lang3.ArrayUtils#1220,2,0.0000
org.apache.commons.lang3.ArrayUtils#1222,2,0.0000
org.apache.commons.lang3.ArrayUtils#1223,2,0.0000
org.apache.commons.lang3.ArrayUtils#1224,2,0.0000
org.apache.commons.lang3.ArrayUtils#1225,2,0.0000
org.apache.commons.lang3.ArrayUtils#1228,2,0.0000
org.apache.commons.lang3.ArrayUtils#1229,2,0.0000
org.apache.commons.lang3.ArrayUtils#1230,2,0.0000
org.apache.commons.lang3.ArrayUtils#1231,2,0.0000
org.apache.commons.lang3.ArrayUtils#1444,2,0.0000
org.apache.commons.lang3.ArrayUtils#1235,2,0.0000
org.apache.commons.lang3.ArrayUtils#1267,2,0.0000
org.apache.commons.lang3.ArrayUtils#1268,2,0.0000
org.apache.commons.lang3.ArrayUtils#1270,2,0.0000
org.apache.commons.lang3.ArrayUtils#1271,2,0.0000
org.apache.commons.lang3.ArrayUtils#1272,2,0.0000
org.apache.commons.lang3.ArrayUtils#1273,2,0.0000
org.apache.commons.lang3.ArrayUtils#1275,2,0.0000
org.apache.commons.lang3.ArrayUtils#1276,2,0.0000
org.apache.commons.lang3.ArrayUtils#1277,2,0.0000
org.apache.commons.lang3.ArrayUtils#1278,2,0.0000
org.apache.commons.lang3.ArrayUtils#1281,2,0.0000
org.apache.commons.lang3.ArrayUtils#1282,2,0.0000
org.apache.commons.lang3.ArrayUtils#1249,2,0.0000
org.apache.commons.lang3.ArrayUtils#4408,2,0.0000
